method,x0_x,x0_y,x_final_x,x_final_y,f_final,nit,grad_norm,success,u,A,g_prime
BFGS,-100,-100,4.6616571886008427e-07,-61174991.6763617,-3.1415926208964784,66,9.323314382545879e-07,True,-61174990.67636123,1.7471823100458482e-23,5.3441932073865685e-16
BFGS,-100,-90,-3.213919298216284e-06,-16237789.198199585,-3.141592530409991,61,6.427838588847209e-06,True,-16237788.198202798,9.3428473726461e-22,7.585359540971531e-15
BFGS,-100,-80,1.6656046755963594e-06,-13040691.333090572,-3.1415925002209226,60,3.3312093629532986e-06,True,-13040690.333088906,1.803674207419455e-21,1.1760579753123599e-14
BFGS,-100,-70,-7.217220615910762e-08,-13380659.388812035,-3.1415925041203288,60,1.4434440114765604e-07,True,-13380658.388812108,1.6696575115924423e-21,1.1170559646709055e-14
BFGS,-100,-60,-4.301767311403921e-06,-3436269.4288486866,-3.1415920715448347,55,8.603534453430448e-06,True,-3436268.4288529884,9.858212527008337e-20,1.693773962939204e-13
BFGS,-100,-50,-1.1334669482096764e-06,-905127.9636319615,-3.1415904439574116,50,2.266931455185875e-06,True,-905126.9636330949,5.394228312283297e-18,2.4412347923744276e-12
BFGS,-100,-40,-9.132550794234e-07,-2138368.116461644,-3.1415917182965196,55,1.8265097214608787e-06,True,-2138367.116462557,4.090837944366294e-19,4.373859737628041e-13
BFGS,-100,-30,-5.389514468588877e-07,-68164745.0790631,-3.1415926242488226,67,1.0779028932873376e-06,True,-68164744.07906364,1.2629336564934511e-23,4.304377568905627e-16
BFGS,-100,-20,-3.0505920508526113e-06,-10798313.97931828,-3.141592468366396,62,6.101184084553093e-06,True,-10798312.97932133,3.1768161178668898e-21,1.7152129741850866e-14
BFGS,-100,-10,4.6430834912381636e-07,-24421141.60307692,-3.141592571693326,64,9.286167016011307e-07,True,-24421140.603076454,2.7463891782845956e-22,3.3534980196619417e-15
BFGS,-100,0,1.658090457062932e-14,-556.560353986776,-3.138002356167455,24,9.114829310282614e-06,True,-555.560353986776,2.3140318551471434e-08,6.445157598077834e-06
BFGS,-100,10,-4.359299859478702e-06,-637.1573773150847,-3.138456158197096,27,6.2155552325780615e-06,True,-636.1573816743845,1.54280166760542e-08,4.918824800623629e-06
BFGS,-100,20,4.783205901130779e-06,-3783.5692590494314,-3.1410641219430673,33,9.70708957039063e-06,True,-3782.5692542662255,7.382154189074165e-11,1.3967285739872278e-07
BFGS,-100,30,-6.199499358559829e-07,-16684.1186242981,-3.141472782703611,39,1.2327362932567945e-06,True,-16683.11862491805,8.612141506347439e-13,7.184514680462122e-09
BFGS,-100,40,2.8553376683573177e-06,-1194.1818270349224,-3.1399185654308774,25,7.248697896708904e-06,True,-1193.1818241795847,2.3458850164171013e-09,1.4012874500358723e-06
BFGS,-100,50,3.3773377993629835e-06,-2792.4320156783765,-3.140876560067118,33,7.015757239811718e-06,True,-2791.432012301039,1.8360290140125746e-10,2.563950214397879e-07
BFGS,-100,60,3.9954945387017494e-06,-2470.9667247291754,-3.140783417256464,32,8.32486262196974e-06,True,-2469.966720733681,2.649698795468414e-10,3.274318114156042e-07
BFGS,-100,70,4.512992379000424e-06,-1652.4544676873431,-3.140382698033718,26,9.785398385842851e-06,True,-1651.4544631743508,8.856847172364623e-10,7.31996712686234e-07
BFGS,-100,80,2.783220395941491e-06,-2246.8531506357363,-3.140702717453897,22,5.9755695188577545e-06,True,-2245.853147852516,3.524090173174783e-10,3.9599330637017284e-07
BFGS,-100,90,-2.1989495612995777e-06,-11369.449822860113,-3.141416751310944,32,4.382455624725101e-06,True,-11368.449825059062,2.7213499016563713e-12,1.5470805231012014e-08
BFGS,-100,100,4.699038513903841e-06,-27870.185513899152,-3.141520893581605,41,9.400652128216361e-06,True,-27869.185509200113,1.847638679433621e-13,2.5747478093971e-09
BFGS,-90,-100,5.202257345671013e-07,-67199635.23546134,-3.141592623827457,64,1.040451469577093e-06,True,-67199634.23546082,1.3181330051368478e-23,4.4289028898042177e-16
BFGS,-90,-90,3.77913902020163e-06,-17052159.391844295,-3.1415925362883166,59,7.558278047281403e-06,True,-17052158.391840518,8.067181028756675e-22,6.87814303893893e-15
BFGS,-90,-80,3.33712264516676e-06,-4323953.6111736465,-3.141592191039058,56,6.674245397304961e-06,True,-4323952.61117031,4.94785270607025e-20,1.0697144024935511e-13
BFGS,-90,-70,1.020253312720606e-06,-42604014.4015523,-3.14159260664482,64,2.040506626543078e-06,True,-42604013.40155128,5.172594188997148e-23,1.1018663995385568e-15
BFGS,-90,-60,3.146122131838185e-06,-942504.8596194412,-3.1415905315760466,50,6.292246515126938e-06,True,-942503.8596162951,4.777585915712842e-18,2.2514501657787664e-12
BFGS,-90,-50,-2.292465400854124e-06,-920194.3101763945,-3.1415904801317236,50,4.584928439760288e-06,True,-920193.310178687,5.133583763277983e-18,2.3619485682769474e-12
BFGS,-90,-40,4.989709696740017e-06,-743655.1878930529,-3.141589964148231,49,9.97942300996169e-06,True,-743654.1878880633,9.726224267130074e-18,3.616480998925493e-12
BFGS,-90,-30,1.00324831071968e-06,-5625245.499370051,-3.1415922980487805,58,2.006496684643709e-06,True,-5625244.499369048,2.247167436587284e-20,6.32043481628636e-14
BFGS,-90,-20,-2.2085504502338285e-06,-14429611.173406687,-3.1415925149810464,61,4.417100890862141e-06,True,-14429610.173408896,1.3313617039290228e-21,9.605516192271627e-15
BFGS,-90,-10,2.8229806882554644e-06,-648846.3005136341,-3.1415895711901123,51,5.645966127082259e-06,True,-648845.3005108112,1.4643115534498083e-17,4.750569331969736e-12
BFGS,-90,0,6.0607994114441656e-15,-562.1937031782863,-3.138038300492175,24,8.933235237891025e-06,True,-561.1937031782863,2.2452236040993355e-08,6.3167512085865655e-06
BFGS,-90,10,1.3147281722139313e-07,-933.1681794767317,-3.139450560240553,28,3.4355773331020218e-06,True,-932.1681793452589,4.9145985407214984e-09,2.2942870027513244e-06
BFGS,-90,20,-5.212018542955146e-06,-1138.646608622292,-3.139836950714761,31,9.015507733107762e-06,True,-1137.6466138343105,2.70598241190812e-09,1.5412485214535727e-06
BFGS,-90,30,-4.2403945790705706e-06,-581.4871556948272,-3.138156132192686,24,6.442272056801481e-06,True,-580.4871599352217,2.029245198427909e-08,5.904873008102173e-06
BFGS,-90,40,3.6847945903475994e-06,-38030.53883738238,-3.1415400649521867,44,7.3709720920893885e-06,True,-38029.53883369759,7.271858662593868e-14,1.3827816904540931e-09
BFGS,-90,50,-3.891207190633991e-06,-933.2556847853662,-3.1394507609781344,25,5.948616824772526e-06,True,-932.2556886765733,4.913216905094174e-09,2.293856989976129e-06
BFGS,-90,60,4.123640957174507e-06,-1092.584748256231,-3.139762966333083,26,1.0061378477096256e-05,True,-1091.58474413259,3.0626874027521965e-09,1.6738803826741717e-06
BFGS,-90,70,3.8975121113223544e-06,-2503.1807914864553,-3.1407938294507582,15,8.120354890002507e-06,True,-2502.180787588943,2.5487305109300835e-10,3.1906008797524335e-07
BFGS,-90,80,1.689942470669233e-06,-14945.1755607064,-3.1414588356133524,35,3.3888503945748585e-06,True,-14944.175559016458,1.1981559882125175e-12,8.953625103977245e-09
BFGS,-90,90,-1.8662952917206126e-06,-77686.62816612015,-3.141566909295746,46,3.732259213904468e-06,True,-77685.62816798645,8.531252385204157e-15,3.313842484256781e-10
BFGS,-90,100,2.018164968884412e-06,-4259.438776823285,-3.141123163220491,38,4.148004932466352e-06,True,-4258.4387748051195,5.1742831955429325e-11,1.102106131617586e-07
BFGS,-80,-100,-1.3561831459753262e-06,-6110064.466155266,-3.141592326259192,53,2.7123662383785943e-06,True,-6110063.466156622,1.7535675791803968e-20,5.3572059156682853e-14
BFGS,-80,-90,-3.1153129574868973e-06,-18933284.642439794,-3.1415925479460163,57,6.230625909394516e-06,True,-18933283.64244291,5.893619103680927e-22,5.5792785505469e-15
BFGS,-80,-80,4.039291780509781e-06,-4876543.578468549,-3.141592243446968,52,8.07858364512144e-06,True,-4876542.57846451,3.4492409145837703e-20,8.410187678603464e-14
BFGS,-80,-70,-1.254285673022881e-06,-3960820.7529091565,-3.141592148642434,53,2.5085712185606414e-06,True,-3960819.752910411,6.437307576532146e-20,1.2748512330320195e-13
BFGS,-80,-60,4.878456319758465e-06,-11940292.616686735,-3.141592486065919,57,9.756912653545068e-06,True,-11940291.616681857,2.3497141200307033e-21,1.4028137666785821e-14
BFGS,-80,-50,-1.6866470119794585e-06,-2083.9873658972547,-3.14063318464829,25,2.949145088249625e-06,True,-2082.9873675839017,4.416348512726479e-10,4.602905251640594e-07
BFGS,-80,-40,-1.7478432126304992e-06,-7858761.195173738,-3.141592399093718,57,3.49568639287765e-06,True,-7858760.195175486,8.241336220386421e-21,3.238334870291455e-14
BFGS,-80,-30,3.488968848843591e-06,-1994487.6080030543,-3.1415916508140582,52,6.977938200454582e-06,True,-1994486.6079995653,5.041568098115185e-19,5.027673808673094e-13
BFGS,-80,-20,4.223419023800924e-06,-3358813.7394010643,-3.141592058123724,53,8.446838224881148e-06,True,-3358812.739396841,1.055606447860571e-19,1.772792984135699e-13
BFGS,-80,-10,-1.940716584876884e-06,-450198.6298191225,-3.1415882111074267,47,3.8814233019582555e-06,True,-450197.6298210632,4.383752612102943e-17,9.867808056317841e-12
BFGS,-80,0,-1.6108967302972424e-10,-589.0945124147868,-3.1382004730568807,24,8.136416127936327e-06,True,-588.0945124149479,1.951704485625739e-08,5.753476106037187e-06
BFGS,-80,10,-5.85446987353805e-06,-447.3607727285173,-3.137126937406677,28,1.012165773139461e-05,True,-446.36077858298717,4.453031817829855e-08,9.971405641264519e-06
BFGS,-80,20,7.260502434044105e-07,-11471.563571906445,-3.141418317035366,38,1.4673757966889683e-06,True,-11470.563571180395,2.649325956732531e-12,1.519661723426263e-08
BFGS,-80,30,-4.318606820377392e-06,-24615.48248183931,-3.1415114055442785,45,8.633913650699642e-06,True,-24614.482486157918,2.681689409136291e-13,3.3006209451101723e-09
BFGS,-80,40,-3.466202663330413e-06,-45227.80634794805,-3.141548433482816,39,6.931427687215681e-06,True,-45226.80635141425,4.32343583832167e-14,9.777084001832278e-10
BFGS,-80,50,3.6630611202459904e-06,-2180.1344649480397,-3.1406754889430313,31,7.758127274414184e-06,True,-2179.1344612849784,3.8575576779438803e-10,4.205956518575131e-07
BFGS,-80,60,-2.9609081022288012e-06,-980.0165793160123,-3.1395529083861566,19,4.368632494249711e-06,True,-979.0165822769204,4.243266980861437e-09,2.0802843772116598e-06
BFGS,-80,70,9.498404812746458e-07,-12815.32206967663,-3.141436596489111,39,1.911896649774297e-06,True,-12814.32206872679,1.9002931999104884e-12,1.2176909337935449e-08
BFGS,-80,80,-4.5245164935932145e-06,-6918.107879165828,-3.141303578062557,41,9.007347569434244e-06,True,-6917.107883690344,1.2078248023324711e-11,4.178232597860395e-08
BFGS,-80,90,2.23473623951525e-06,-60878.746375763265,-3.1415598016669426,49,4.470012135856192e-06,True,-60877.74637352853,1.772769167454612e-14,5.396242537071383e-10
BFGS,-80,100,-2.2982043205897364e-06,-5607.491820936866,-3.141236019661901,38,4.5332608384618065e-06,True,-5606.49182323507,2.2679738090025398e-11,6.359388125396898e-08
BFGS,-70,-100,-3.917235404915826e-07,-4968404.0820208825,-3.141592251045932,56,7.834469999624513e-07,True,-4968403.082021275,3.261438025871441e-20,8.102071815857157e-14
BFGS,-70,-90,8.971515889259703e-07,-15965104.362977818,-3.1415925283157744,60,1.7943031856986297e-06,True,-15965103.36297692,9.829799623280703e-22,7.846689088386195e-15
BFGS,-70,-80,1.5700779382555115e-06,-50865307.02786737,-3.141592614267798,64,3.140155877284036e-06,True,-50865306.0278658,3.0394497493183224e-23,7.730127310728536e-16
BFGS,-70,-70,-1.5089183436962706e-06,-13288024.275230864,-3.141592503076057,59,3.0178366760656914e-06,True,-13288023.275232373,1.7048206758154268e-21,1.1326849688781527e-14
BFGS,-70,-60,-3.977523386209619e-07,-36864596.80233279,-3.141592599337042,65,7.955046757702519e-07,True,-36864595.80233318,7.984201867342654e-23,1.4716719331006118e-15
BFGS,-70,-50,3.244883268654084e-06,-69536.5426520248,-3.141563891930442,42,6.490180166709602e-06,True,-69535.54264877991,1.189628452358243e-14,4.1361622164733565e-10
BFGS,-70,-40,-1.9060841728345435e-07,-81666909.71470223,-3.141592629100034,67,3.812168342670354e-07,True,-81666908.71470243,7.343813123185687e-24,2.998732634823792e-16
BFGS,-70,-30,-2.9946500299495673e-06,-20459881.32602822,-3.14159255582855,62,5.989300055121381e-06,True,-20459880.326031215,4.670362907921064e-22,4.7777536590371575e-15
BFGS,-70,-20,-4.861447126497326e-07,-11146281.366368756,-3.1415924741575254,61,9.722894092015382e-07,True,-11146280.366369242,2.8884837426398537e-21,1.6097926980943736e-14
BFGS,-70,-10,1.4681944497305687e-07,-24509364.022673793,-3.141592571988309,63,2.9363889327551317e-07,True,-24509363.022673648,2.716838595547848e-22,3.3293993743775147e-15
BFGS,-70,0,2.0899469017920426e-14,-553.2767905888331,-3.1379810675971673,23,9.223242720491803e-06,True,-552.2767905888331,2.3554398969461523e-08,6.521817451289745e-06
BFGS,-70,10,-9.225498166556801e-08,-52940.7277413471,-3.1415548758485667,43,1.8379776967407337e-07,True,-52939.727741439354,2.6957397784417878e-14,7.135788662467849e-10
BFGS,-70,20,1.5129512853882528e-06,-56097.8240831503,-3.141557001898547,39,3.02653815896401e-06,True,-56096.82408163735,2.2657413558339574e-14,6.355214631625321e-10
BFGS,-70,30,4.185814643530942e-06,-24122.37982340609,-3.1415097447313056,38,8.375066930249232e-06,True,-24121.379819220274,2.849525451561674e-13,3.4369379665305226e-09
BFGS,-70,40,-7.840435738073613e-06,-489.4652956732111,-3.1375106992480584,17,1.1109754564246389e-05,True,-488.4653035136468,3.400829149160841e-08,8.331241887214813e-06
BFGS,-70,50,-1.633637782948937e-06,-2981.901151726708,-3.140922052843588,29,3.0507204852467406e-06,True,-2980.9011533603457,1.5078647094190466e-10,2.2485272706789961e-07
BFGS,-70,60,9.282199327119995e-07,-831.8154469811896,-3.139189711840106,22,5.553025964495001e-06,True,-830.8154460529696,6.937505458718045e-09,2.8870725118712396e-06
BFGS,-70,70,2.843874789845979e-06,-3878.55180622661,-3.1410770635983463,31,5.822183507332331e-06,True,-3877.551803382735,6.85304501873875e-11,1.3291653240097928e-07
BFGS,-70,80,3.171005015087196e-06,-1463.4318849882784,-3.1402264685724095,20,7.334852522916307e-06,True,-1462.4318818172733,1.274969262204999e-09,9.332315717530054e-07
BFGS,-70,90,-1.912234580168107e-06,-76003.18820552241,-3.1415663390736723,39,3.824122949226249e-06,True,-76002.18820743465,9.110789008822373e-15,3.4622678323049425e-10
BFGS,-70,100,-8.87749288378861e-07,-6234.581962601124,-3.141271887942248,34,1.7248206606116867e-06,True,-6233.581963488874,1.650188739023692e-11,5.144530260616726e-08
BFGS,-60,-100,6.52016860238264e-07,-61043475.95526156,-3.1415926208258345,65,1.3040337210132526e-06,True,-61043474.9552609,1.7584993597752506e-23,5.367245713251587e-16
BFGS,-60,-90,-3.7547264878080134e-06,-16204778.538261084,-3.1415925301553145,60,7.509452967999732e-06,True,-16204777.538264839,9.400060541205024e-22,7.616295200826813e-15
BFGS,-60,-80,5.970321692284859e-07,-51188372.62429938,-3.1415926145180637,64,1.194064339220258e-06,True,-51188371.62429878,2.982263480953681e-23,7.632860790901339e-16
BFGS,-60,-70,-4.0659244462946974e-07,-13375185.463598317,-3.1415925040589965,59,8.131848780792346e-07,True,-13375184.463598723,1.6717083215059453e-21,1.1179704838518392e-14
BFGS,-60,-60,-3.883232089359446e-06,-3431939.3675486664,-3.1415920708139202,54,7.766464008913823e-06,True,-3431938.3675525496,9.895573797664425e-20,1.6980507114248173e-13
BFGS,-60,-50,2.1886655209509166e-07,-30691276.350276947,-3.1415925884246496,64,4.377331063134282e-07,True,-30691275.350276727,1.3836145519758437e-22,2.123244863438098e-15
BFGS,-60,-40,7.163756739755141e-08,-2143559.8636421063,-3.141591720562646,54,1.4327557006558793e-07,True,-2143558.8636420346,4.0611855987652956e-19,4.352698239448119e-13
BFGS,-60,-30,-3.952677016320635e-07,-68050540.79245616,-3.141592624199716,66,7.905354028322433e-07,True,-68050539.79245657,1.2693028032234336e-23,4.3188371411693525e-16
BFGS,-60,-20,3.4014512511482814e-06,-292278.75575657806,-3.141585810807275,48,6.8029259140939735e-06,True,-292277.75575317664,1.6020129151416796e-16,2.3411757125653533e-11
BFGS,-60,-10,3.4882417877336923e-07,-24451568.10835956,-3.141592571795328,63,6.976483608918958e-07,True,-24451567.10835921,2.736149456614052e-22,3.3451573080561314e-15
BFGS,-60,0,1.8844778846118307e-14,-554.7634612571114,-3.1379907374317257,23,9.173919020094319e-06,True,-553.7634612571114,2.336570568780669e-08,6.486940330320161e-06
BFGS,-60,10,-8.176548724930603e-06,-494.16977741431697,-3.137549520661704,26,1.1563386890520058e-05,True,-493.1697855908657,3.304716797090461e-08,8.173525686510736e-06
BFGS,-60,20,2.4416581651573893e-06,-1869.0000477281583,-3.1405228482624366,33,5.4854879384982785e-06,True,-1868.0000452865002,6.121882366874545e-10,5.722420266580758e-07
BFGS,-60,30,-5.490578482046943e-06,-562.5674550447884,-3.1380406598270794,21,7.85050718833995e-06,True,-561.5674605353669,2.240755406606607e-08,6.308367873988238e-06
BFGS,-60,40,-3.1694500667107384e-06,-2154.1537759981825,-3.1406644298228565,28,5.92378573866163e-06,True,-2153.1537791676324,3.9987898474899876e-10,4.307998492837758e-07
BFGS,-60,50,2.728370453915438e-06,-42585.62457321571,-3.1415456899287584,37,5.457843811624492e-06,True,-42584.62457048734,5.1791159448974503e-14,1.1027923804755663e-09
BFGS,-60,60,-1.951147230856686e-06,-3496.18711781452,-3.141020683534044,31,3.74229618537471e-06,True,-3495.1871197656674,9.355997098067581e-11,1.6357489580130706e-07
BFGS,-60,70,-1.49618594856771e-07,-52928.885794224465,-3.1415548673964997,34,2.9852414513041825e-07,True,-52927.88579437408,2.697549545361743e-14,7.138982014642048e-10
BFGS,-60,80,1.1799827287197406e-06,-15057.956062160829,-3.141459837846282,34,2.368801888487959e-06,True,-15056.956060980847,1.171436293308322e-12,8.820010751857134e-09
BFGS,-60,90,-4.414104669474045e-06,-3063.8331526573816,-3.140939982889376,34,8.617852198826749e-06,True,-3062.8331570714863,1.3901209291172983e-10,2.1298955234871967e-07
BFGS,-60,100,-4.814833974313529e-06,-716.1837193544652,-3.138802011899029,28,6.932651511888911e-06,True,-715.1837241692992,1.0866435073948272e-08,3.89385498842732e-06
BFGS,-50,-100,-2.608916645643656e-06,-20134273.615011282,-3.14159255424988,58,5.217833286353779e-06,True,-20134272.61501389,4.900631649414724e-22,4.9335330483013645e-15
BFGS,-50,-90,3.2130730579106983e-06,-1632903.3770756526,-3.1415914287676308,49,6.426146865903461e-06,True,-1632902.3770724395,9.187093380962054e-19,7.500820200383569e-13
BFGS,-50,-80,3.128824008038399e-08,-15510791.009939952,-3.1415925246473075,57,6.257648847385073e-08,True,-15510790.00993992,1.0719094767392894e-21,8.313082205615757e-15
BFGS,-50,-70,5.264154721906832e-07,-4014103.799122745,-3.141592155346359,52,1.0528310685044957e-06,True,-4014102.799122219,6.184349617390733e-20,1.241231219321707e-13
BFGS,-50,-60,-4.863627233655684e-06,-12616650.03350168,-3.14159249504546,58,9.727254454746966e-06,True,-12616649.033506542,1.9917176409668397e-21,1.2564402718748882e-14
BFGS,-50,-50,4.4971775420329123e-07,-37982304.41120677,-3.141592600933492,62,8.994355097929148e-07,True,-37982303.41120632,7.299885426019779e-23,1.3863323703397673e-15
BFGS,-50,-40,-2.589235735250722e-06,-24567315.876669534,-3.1415925721741162,60,5.178471467187733e-06,True,-24567314.876672123,2.697657657239474e-22,3.3137104570676824e-15
BFGS,-50,-30,3.804267027584363e-06,-6218121.81905132,-3.1415923319348162,57,7.608534106895033e-06,True,-6218120.819047515,1.663727550757967e-20,5.172630708090417e-14
BFGS,-50,-20,-2.2387550114490867e-06,-7791.240934594969,-3.1413359715313924,32,4.444689266993393e-06,True,-7790.240936833724,8.455836171420486e-12,3.294283930597054e-08
BFGS,-50,-10,-2.729927704752401e-07,-17286291.63680828,-3.141592537891107,61,5.459855342573958e-07,True,-17286290.63680855,7.743805681993258e-22,6.693084363480544e-15
BFGS,-50,0,-1.3494956156912723e-10,-587.1959706685018,-3.1381895145544636,25,8.189109462631854e-06,True,-586.1959706686367,1.9706809209143358e-08,5.790709780894975e-06
BFGS,-50,10,-2.2314786882992346e-06,-533.305325309799,-3.1378459441580424,30,7.469873216539045e-06,True,-532.3053275412776,2.62983685156089e-08,7.018962975401388e-06
BFGS,-50,20,-5.56858098950758e-07,-2537.6208214766043,-3.1408046688025943,34,8.611653894695596e-07,True,-2536.6208220334624,2.4463798489498396e-10,3.104601045533259e-07
BFGS,-50,30,2.6849298681456607e-06,-941.8033762724053,-3.139470190294018,26,7.948128274295797e-06,True,-940.8033735874754,4.780720767320953e-09,2.2524300676367677e-06
BFGS,-50,40,-4.305800981529191e-06,-2315.800024930232,-3.1407292072606583,29,8.247260828929158e-06,True,-2314.800029236033,3.2186702379135484e-10,3.727698988072549e-07
BFGS,-50,50,-2.547410917418437e-07,-30287.970875554212,-3.141526621863915,36,5.073067734503906e-07,True,-30286.970875808955,1.4395539702918625e-13,2.1800944115026783e-09
BFGS,-50,60,-2.4961233664247192e-06,-3310.264960506953,-3.140988563479895,39,4.813243949126383e-06,True,-3309.264963003076,1.1022380406633583e-10,1.824624585798814e-07
BFGS,-50,70,1.4653795810089996e-06,-58554.30596525002,-3.14155849755266,48,2.9313425374194277e-06,True,-58553.305963784645,1.992380829199635e-14,5.833173633204999e-10
BFGS,-50,80,3.7244937072923473e-06,-1345.1090985685082,-3.14010633624591,31,8.624583134345076e-06,True,-1344.1090948440144,1.6417461563113679e-09,1.1045707719784022e-06
BFGS,-50,90,-2.5905653334384494e-06,-16588.14259329574,-3.141472089166653,41,5.173867882286694e-06,True,-16587.142595886304,8.762488449509523e-13,7.267889305110908e-09
BFGS,-50,100,-3.4439721325141267e-06,-5088.480981057571,-3.141199647560793,34,6.811155219055596e-06,True,-5087.4809845015425,3.035062927179809e-11,7.722687046945507e-08
BFGS,-40,-100,-1.2782859910479927e-06,-18120168.661518704,-3.1415925432139136,59,2.5565719760047483e-06,True,-18120167.661519982,6.723156923517367e-22,6.091237037678841e-15
BFGS,-40,-90,9.940811851982118e-07,-56375221.69453258,-3.1415926181122265,63,1.9881623710257175e-06,True,-56375220.69453159,2.2325191432720344e-23,6.292938137775302e-16
BFGS,-40,-80,-4.740292409063595e-06,-1465685.4168834751,-3.141591289018495,50,9.480583887130485e-06,True,-1465684.4168882153,1.2703905266157577e-18,9.309967519019678e-13
BFGS,-40,-70,2.6091892143981525e-06,-97086.23435148012,-3.1415720534462745,42,5.218590615926177e-06,True,-97085.23434887093,4.3709950252337375e-15,2.1218281629811518e-10
BFGS,-40,-60,-1.8987100965941431e-06,-34973029.18508358,-3.1415925963992635,63,3.797420191553114e-06,True,-34973028.18508548,9.351046611074163e-23,1.6351721535785658e-15
BFGS,-40,-50,-5.490183332684269e-07,-111756416.30050392,-3.1415926356934274,67,1.0980366663767193e-06,True,-111756415.30050448,2.865778269143833e-24,1.6013455535213318e-16
BFGS,-40,-40,-2.8875885427232656e-06,-751583.1796569491,-3.1415899925337842,49,5.7751735448602636e-06,True,-751582.1796598367,9.421671727111815e-18,3.5405873525688325e-12
BFGS,-40,-30,-2.6830482100800198e-06,-5673724.359963761,-3.1415923010804816,58,5.36609635803117e-06,True,-5673723.359966444,2.1900557838588912e-20,6.212886972795635e-14
BFGS,-40,-20,-1.2714058541169038e-07,-14552715.260530422,-3.141592516158384,61,2.54281161379687e-07,True,-14552714.260530548,1.2978600086364052e-21,9.443693901322408e-15
BFGS,-40,-10,9.550592941176778e-07,-647666.3725988455,-3.1415895655816284,51,1.910123356135703e-06,True,-647665.3725978904,1.4723292478342333e-17,4.7678943968306546e-12
BFGS,-40,0,6.7060589462671245e-15,-561.2437193664018,-3.1380322895324237,24,8.963475931037152e-06,True,-560.2437193664018,2.256634076804702e-08,6.338134607132714e-06
BFGS,-40,10,-4.3140212110084285e-06,-18388.809203135417,-3.141483894727184,29,8.62213020731041e-06,True,-18387.809207449438,6.432262507878337e-13,5.914243107480417e-09
BFGS,-40,20,-3.417820288021744e-07,-888.5045432548976,-3.1393429408466895,25,3.1329801104460424e-06,True,-887.5045435966797,5.693172840315174e-09,2.530609850037348e-06
BFGS,-40,30,8.987617008433214e-07,-4632.143909067119,-3.1411609346357783,22,1.893009261827082e-06,True,-4631.1439081683575,4.0232170836750425e-11,9.319063560172022e-08
BFGS,-40,40,3.77088251708167e-06,-1007.7934360032757,-3.1396091002699587,22,9.710372687535537e-06,True,-1006.7934322323932,3.902151160118717e-09,1.967245566865731e-06
BFGS,-40,50,1.813329034113062e-06,-2128.317282872196,-3.1406531643857845,29,4.091846820336992e-06,True,-2127.3172810588667,4.146158805208673e-10,4.4132016578335735e-07
BFGS,-40,60,-2.8846895119931168e-06,-3322.5375783754735,-3.1409907944997633,34,5.591196076068984e-06,True,-3321.537581260163,1.0900707466294793e-10,1.811172085542918e-07
BFGS,-40,70,4.998522059083836e-06,-32105.35774690504,-3.1415303596363975,45,9.998984573180533e-06,True,-32104.35774190652,1.2086683921727026e-13,1.9402667619884574e-09
BFGS,-40,80,-2.2234245116617803e-06,-4297.033057242501,-3.1411272702637945,39,4.339909458641835e-06,True,-4296.033059465925,5.0396756098297016e-11,1.082908289963068e-07
BFGS,-40,90,3.2293948155873202e-06,-3806.287670535793,-3.1410672761642546,39,6.598243857210002e-06,True,-3805.2876673063984,7.250774102910144e-11,1.3801073240693671e-07
BFGS,-40,100,-3.309879758085912e-06,-742.3461160279223,-3.138900296582354,31,4.701963541524847e-06,True,-741.3461193378021,9.758261795577419e-09,3.624405686949634e-06
BFGS,-30,-100,3.4259358240782625e-06,-19214688.137119856,-3.1415925494910195,57,6.85187165357358e-06,True,-19214687.13711643,5.638452643685776e-22,5.417055597177325e-15
BFGS,-30,-90,-8.684855893909027e-07,-58957084.32160615,-3.1415926196660595,61,1.7369711782064212e-06,True,-58957083.32160702,1.9518749356491473e-23,5.753842807111767e-16
BFGS,-30,-80,4.1563159713036096e-06,-60189883.16775686,-3.141592620344343,61,8.312631943159275e-06,True,-60189882.167752706,1.8343807299243318e-23,5.520558136825632e-16
BFGS,-30,-70,3.3817813574664064e-06,-4017865.7311278107,-3.1415921558017046,53,6.763562838823611e-06,True,-4017864.731124429,6.166994639602515e-20,1.2389079754987744e-13
BFGS,-30,-60,2.715600365244637e-07,-328542.6281434797,-3.141586566108872,44,5.431386020765056e-07,True,-328541.62814320816,1.127931765808651e-16,1.8528711532556312e-11
BFGS,-30,-50,4.602814267814336e-06,-9537932.140384344,-3.141592443879561,56,9.205628557613421e-06,True,-9537931.140379742,4.609960862430124e-21,2.1984748090321325e-14
BFGS,-30,-40,-3.875567029066075e-07,-7806249.16501428,-3.1415923973846684,57,7.751133729927211e-07,True,-7806248.165014667,8.408773996980876e-21,3.2820494598554906e-14
BFGS,-30,-30,-1.5556378674865402e-06,-19205604.76593092,-3.1415925494511083,60,3.1112757295508993e-06,True,-19205603.765932478,5.646456617151467e-22,5.42218084701109e-15
BFGS,-30,-20,2.3454035288482473e-06,-3395691.541114606,-3.141592064602731,53,4.6908072311461375e-06,True,-3395690.5411122604,1.0215863963164849e-19,1.7344963976393566e-13
BFGS,-30,-10,9.726970307797917e-07,-7742677.566579403,-3.14159239528029,60,1.945394094921239e-06,True,-7742676.566578431,8.617601059073842e-21,3.3361655353303847e-14
BFGS,-30,0,-2.283308375814093e-12,-574.1182167857122,-3.138112061518041,24,8.566306565812863e-06,True,-573.1182167857145,2.1083220307535093e-08,6.0572957457170665e-06
BFGS,-30,10,-2.5528943116650013e-06,-7110.884837381759,-3.141311414398389,35,5.066395237349672e-06,True,-7109.884839934653,1.1122375301993338e-11,3.954774105676193e-08
BFGS,-30,20,6.325767095648522e-07,-15638.69231647664,-3.141464769746335,35,1.273356813762697e-06,True,-15637.692315844062,1.0457239413408714e-12,8.177138721717578e-09
BFGS,-30,30,-2.32455389178083e-06,-1103.258527709549,-3.1397806602071388,21,3.4263366257002323e-06,True,-1102.258530034103,2.9746910866593e-09,1.6416625823369157e-06
BFGS,-30,40,1.8517869662012552e-06,-2138.0274284160796,-3.1406574302109913,31,4.163924310589969e-06,True,-2137.0274265642925,4.089936922139608e-10,4.373215642027154e-07
BFGS,-30,50,2.4507073113931394e-06,-2083.904411980544,-3.1406331464588026,36,5.381465979835946e-06,True,-2082.904409529837,4.4168758387651957e-10,4.603271645191673e-07
BFGS,-30,60,-5.99287717876351e-08,-4613.644030527364,-3.14115920370899,39,9.744927979449885e-08,True,-4612.644030587292,4.0718032548421913e-11,9.393940803953153e-08
BFGS,-30,70,-4.211120611817304e-06,-20116.457741559647,-3.1414932349604214,43,8.417300644242638e-06,True,-20115.457745770767,4.913297851622957e-13,4.942030193456238e-09
BFGS,-30,80,3.1271000512379743e-07,-44664.46278314867,-3.141547875762125,44,6.264233393912777e-07,True,-44663.46278283596,4.489097773047085e-14,1.002526921918751e-09
BFGS,-30,90,-3.463719906248796e-06,-12249.71678675607,-3.1414293911588693,39,6.914125348136639e-06,True,-12248.716790219789,2.1758487422613687e-12,1.3327308887065107e-08
BFGS,-30,100,-1.1860465044736272e-06,-5195.414999286132,-3.141207735793964,33,2.2992059091765235e-06,True,-5194.415000472179,2.8515045092929678e-11,7.408085949082839e-08
BFGS,-20,-100,-1.844544209829166e-06,-77232942.76185311,-3.141592627690706,57,3.689088419323039e-06,True,-77232941.76185496,8.68264879198868e-24,3.352932607571373e-16
BFGS,-20,-90,-2.3557731025305344e-06,-1396264.4309377025,-3.1415912211913244,42,4.711545179186444e-06,True,-1396263.4309400583,1.4694557090769248e-18,1.0258747370738577e-12
BFGS,-20,-80,-1.912622927706682e-06,-10908229.942163602,-3.1415924702383404,49,3.8252458386051575e-06,True,-10908228.942165514,3.081747690040476e-21,1.6808206983785574e-14
BFGS,-20,-70,-1.7754400235869464e-06,-58277999.41090324,-3.1415926192683736,58,3.550880046585021e-06,True,-58277998.41090501,2.0209058262422626e-23,5.88871747808469e-16
BFGS,-20,-60,4.345624207396063e-06,-41152137.1173403,-3.1415926049707603,56,8.691248415973114e-06,True,-41152136.11733595,5.739615418889756e-23,1.1809872179436692e-15
BFGS,-20,-50,-4.432536600907579e-06,-7796535.877971908,-3.141592397045979,50,8.865073168912834e-06,True,-7796534.87797634,8.440241291133206e-21,3.2902324132605904e-14
BFGS,-20,-40,9.528099386826644e-07,-666523.3652863619,-3.1415896529461413,43,1.9056243792990848e-06,True,-666522.365285409,1.3508678902073047e-17,4.501928438296322e-12
BFGS,-20,-30,4.504729465578582e-06,-28380469.29508363,-3.1415925830985034,59,9.009458933640244e-06,True,-28380468.295079127,1.7498517273162235e-22,2.4830807046482382e-15
BFGS,-20,-20,-2.649648608156416e-06,-2696671.1075593424,-3.1415919119277658,49,5.299296941286764e-06,True,-2696670.107561992,2.0397446536533694e-19,2.750260747089531e-13
BFGS,-20,-10,-7.326160505314318e-07,-29699239.768444233,-3.1415925862474663,62,1.4652320987954054e-06,True,-29699238.768444967,1.526947030779509e-22,2.267458337215449e-15
BFGS,-20,0,-2.7988890965720164e-06,-4411.798183916845,-3.1411393750154923,31,5.496007653050363e-06,True,-4410.798186715734,4.6565651511975476e-11,1.0273073952316502e-07
BFGS,-20,10,2.5701257195190787e-06,-7923.900671999629,-3.1413402685581904,38,5.172198600749392e-06,True,-7922.900669429503,8.038236742056272e-12,3.184910139359213e-08
BFGS,-20,20,8.514226501309375e-07,-667.7564947912448,-3.138599777946026,25,7.633455900643939e-06,True,-666.7564939398221,1.3404221992742238e-08,4.478671529560628e-06
BFGS,-20,30,4.0439028750352805e-06,-12881.11223417343,-3.1414373935029323,39,8.099867562458366e-06,True,-12880.112230129527,1.8713255900828195e-12,1.20528448862283e-08
BFGS,-20,40,-6.010246123409737e-07,-36549.466388174515,-3.14153793397679,39,1.2005530401470834e-06,True,-36548.46638877554,8.192171760208575e-14,1.497118005989581e-09
BFGS,-20,50,9.685109470809553e-07,-1567.8667065573636,-3.140317440622856,26,2.867785368936237e-06,True,-1566.8667055888527,1.0368577522854301e-09,8.130846878841524e-07
BFGS,-20,60,-4.775145058509144e-06,-1143.7835625030712,-3.139844832498179,24,8.166956454246374e-06,True,-1142.7835672782162,2.6697022160606185e-09,1.527441480136578e-06
BFGS,-20,70,4.0198817933350834e-06,-28620.384579416736,-3.141522774531307,35,8.042205497568845e-06,True,-28619.384575396853,1.7061249764567588e-13,2.441540283980312e-09
BFGS,-20,80,1.6473971861150248e-06,-3238.1533571656955,-3.1409751128545835,25,3.4906844684749173e-06,True,-3237.153355518298,1.1775166810849248e-10,1.9067831298894477e-07
BFGS,-20,90,-3.243656609213611e-06,-556.2452664219717,-3.1380003242395134,17,6.452549097728379e-06,True,-555.2452696656283,2.3179629846479104e-08,6.452454940490059e-06
BFGS,-20,100,-4.046637982267631e-06,-1665.1931246239267,-3.1403919513869294,21,7.4075891859564654e-06,True,-1664.1931286705646,8.655194042194686e-10,7.208433682815933e-07
BFGS,-10,-100,-2.5275021799032093e-06,-36324.20216651729,-3.1415375946322373,27,5.053488843068608e-06,True,-36323.20216904479,8.345527809667753e-14,1.5157440540430537e-09
BFGS,-10,-90,-3.283890882637554e-07,-84509.18543798276,-3.1415689876632276,30,6.56498198216865e-07,True,-84508.18543831115,6.627359607271291e-15,2.8003803762307185e-10
BFGS,-10,-80,-3.33375620031132e-06,-108500.10619027613,-3.1415742205019392,31,6.6673425136280115e-06,True,-108499.10619360988,3.1315799077221364e-15,1.6988915908281118e-10
BFGS,-10,-70,-1.2295142823750795e-08,-92117.79018017102,-3.141570942374827,32,2.4355737615046778e-08,True,-92116.79018018332,5.1170821215527965e-15,2.3568842771481086e-10
BFGS,-10,-60,4.1197916815855383e-07,-213429.55926229793,-3.141583282838348,35,8.24002242976557e-07,True,-213428.55926188597,4.114274239908342e-16,4.3905489736622295e-11
BFGS,-10,-50,-4.126758291618454e-06,-308788.2313609174,-3.1415861766524715,38,8.253495608015328e-06,True,-308787.23136504414,1.3585501091161162e-16,2.0975248233225504e-11
BFGS,-10,-40,-1.4210213625283552e-06,-535129.6907195887,-3.1415889161795048,40,2.842035740955006e-06,True,-535128.6907210096,2.610247153843499e-17,6.984110286185984e-12
BFGS,-10,-30,4.403416565563062e-06,-1823920.3272219526,-3.1415915570315787,46,8.80683373232484e-06,True,-1823919.327217549,6.592377124421548e-19,6.011986969042107e-13
BFGS,-10,-20,-2.275071925104069e-06,-1963888.6704218476,-3.14159163519721,48,4.550143331651713e-06,True,-1963887.6704241226,5.280913640433563e-19,5.18556455418852e-13
BFGS,-10,-10,1.6673043079920363e-06,-18485.040343665587,-3.141484460914567,33,3.340466570571944e-06,True,-18484.040341998283,6.332330252279222e-13,5.8528272183833784e-09
BFGS,-10,0,-7.767411779890129e-12,-453.56848379205445,-3.1371879907167717,24,1.3718734113284115e-05,True,-452.56848379206224,4.2728744955144245e-08,9.700617688207087e-06
BFGS,-10,10,-2.2016134445383228e-06,-463.3020401671547,-3.137280430615929,26,1.0507309608973085e-05,True,-462.3020423687681,4.009454027197456e-08,9.29771630809922e-06
BFGS,-10,20,-3.413370776799433e-06,-1196.9179632704545,-3.1399223907883913,28,5.608094443929901e-06,True,-1195.9179666838252,2.3298403577727743e-09,1.3948907580451364e-06
BFGS,-10,30,-7.987896788580841e-07,-20680.64329611798,-3.141495947136313,35,1.5929101521189785e-06,True,-20679.643296916773,4.5220605334317736e-13,4.67606903159806e-09
BFGS,-10,40,-1.873229712488181e-06,-629.9179776867127,-3.1384201399362337,21,5.194157334501806e-06,True,-628.9179795599424,1.596565666449041e-08,5.032445699411345e-06
BFGS,-10,50,-3.0535999492700557e-06,-3224.5412925569412,-3.1409725063683136,26,5.918033412319698e-06,True,-3223.541295610541,1.192489686098795e-10,1.922913178071584e-07
BFGS,-10,60,-2.848538410782037e-06,-4625.624595556858,-3.141160326233685,26,5.604402568340822e-06,True,-4624.624598405397,4.040250079846167e-11,9.345347628147788e-08
BFGS,-10,70,-3.3022744464901767e-06,-1339.5470560162273,-3.1401001670868722,20,5.60260934011066e-06,True,-1338.5470593185019,1.6622740399249219e-09,1.1137591531907215e-06
BFGS,-10,80,2.7761401827981785e-06,-5235.637279309889,-3.1412106925993633,25,5.625700430476735e-06,True,-5234.637276533749,2.7862950379989355e-11,7.294710126076311e-08
BFGS,-10,90,-1.4700413241428935e-06,-1417.6106997407412,-3.140182325110145,20,2.18501605634168e-06,True,-1416.6107012107825,1.4025943076617587e-09,9.945141550477068e-07
BFGS,-10,100,-3.2791034058883784e-06,-1139.1188733283745,-3.1398376783038384,18,5.249209339820772e-06,True,-1138.118876607478,2.7026196750798467e-09,1.539971380962711e-06
BFGS,0,-100,-3.71970198918695e-15,-529.9321831216614,-3.1378221176230046,8,1.005296420189451e-05,True,-528.9321831216614,2.6803292332564904e-08,7.1085191619049185e-06
BFGS,0,-90,-3.025601687592361e-18,-520.6565872260094,-3.1377550083163417,8,1.0414003630475803e-05,True,-519.6565872260094,2.826009940222078e-08,7.363812586413791e-06
BFGS,0,-80,1.7525111678691474e-18,-511.2145001061476,-3.137684195574757,8,1.0801873405339267e-05,True,-510.2145001061476,2.9853543937118707e-08,7.638077934432268e-06
BFGS,0,-70,1.638415829873993e-17,-580.1699155717165,-3.138148336404993,10,8.388682318317769e-06,True,-579.1699155717165,2.043086837194017e-08,5.931694152485798e-06
BFGS,0,-60,6.183340514956392e-20,-587.033003853247,-3.1381885705991706,10,8.19384402377096e-06,True,-586.033003853247,1.9723212635807407e-08,5.793922673193251e-06
BFGS,0,-50,-9.317362419797304e-21,-565.2099258390524,-3.1380572516341396,10,8.838227957393529e-06,True,-564.2099258390524,2.2095009907328088e-08,6.249570922345503e-06
BFGS,0,-40,4.946672411965114e-19,-487.3005438584099,-3.137492584135018,11,1.1886963459196639e-05,True,-486.3005438584099,3.44630840841216e-08,8.40535246971415e-06
BFGS,0,-30,-3.5575383784680614e-20,-469.84558035323374,-3.137340424141203,11,1.2785630414586741e-05,True,-468.84558035323374,3.844424749053103e-08,9.040805967899289e-06
BFGS,0,-20,4.536623762199307e-17,-521.6707381290114,-3.1377624618289666,13,1.0373590268163514e-05,True,-520.6707381290114,2.8095755559520445e-08,7.335236023823831e-06
BFGS,0,-10,-7.191551550095451e-14,-493.1669661945748,-3.137541307507821,16,1.1606121205293408e-05,True,-492.16696619457485,3.3248976607978387e-08,8.20676707945147e-06
BFGS,0,0,4.766024761429338e-06,-11034.044519398063,-3.1414114045786103,34,9.548489248941833e-06,True,-11033.044514632038,2.977123146822023e-12,1.6425598168898785e-08
BFGS,0,10,1.225307247608475e-06,-7804.076039714141,-3.141336393664233,24,2.483666119982971e-06,True,-7803.076038488834,8.414186320971784e-12,3.2834575372454624e-08
BFGS,0,20,-1.3099812079560252e-06,-1223.5176092976626,-3.139958688078708,14,1.8529289655465004e-06,True,-1222.5176106076437,2.181224293450174e-09,1.334923350660392e-06
BFGS,0,30,3.401580636270916e-06,-2648.2014086875233,-3.1408375663711827,15,7.0939700935885846e-06,True,-2647.2014052859427,2.1525918782849717e-10,2.85078423000956e-07
BFGS,0,40,-4.107619818982211e-06,-11778.606361612829,-3.141422861403164,19,8.200837615739536e-06,True,-11777.606365720449,2.4475016702048925e-12,1.4414690654433978e-08
BFGS,0,50,1.501992891292548e-08,-579.8869905940481,-3.1381466573623595,8,8.41813120791018e-06,True,-578.8869905790282,2.046076232184517e-08,5.937478783269303e-06
BFGS,0,60,-1.4445439892241991e-06,-1776634.234140568,-3.1415915278639086,35,2.8890873448214338e-06,True,-1776633.2341420124,7.132890313938758e-19,6.336270343272818e-13
BFGS,0,70,3.957645541343592e-06,-2366.7918913930334,-3.1407478060525205,11,8.279869754669144e-06,True,-2365.7918874353877,3.015125912565319e-10,3.568837894439072e-07
BFGS,0,80,-9.458097537917179e-09,-529.1487647550539,-3.13781654044125,6,1.0069359168537483e-05,True,-528.148764764512,2.6922408105668484e-08,7.129563965914868e-06
BFGS,0,90,-4.318365719703328e-06,-677.3783424243165,-3.138642259371842,6,6.107281382181723e-06,True,-676.3783467426823,1.284149464934398e-08,4.352431119494098e-06
BFGS,0,100,-2.0643671834958202e-06,-492.2350861317383,-3.1375336453339266,3,9.205798872358e-06,True,-491.2350881961055,3.34379844944446e-08,8.237839024434227e-06
BFGS,10,-100,1.5622386865819396e-06,-438466.8486980512,-3.141588092244288,36,3.1244877761064738e-06,True,-438465.84869648895,4.745131106214037e-17,1.0402925276483397e-11
BFGS,10,-90,4.4446586926643776e-06,-2344158.8386508757,-3.1415918003857146,42,8.889317749290507e-06,True,-2344157.838646431,3.1052645535517865e-19,3.6396174510842716e-13
BFGS,10,-80,2.7521058280854917e-06,-2541120.5195406475,-3.141591866528008,44,5.504211965898159e-06,True,-2541119.5195378955,2.4377207022260575e-19,3.0972716580918987e-13
BFGS,10,-70,3.902547331122151e-06,-1904271.77138755,-3.1415916033045836,43,7.805095213777837e-06,True,-1904270.7713836476,5.792590939064174e-19,5.515335152355291e-13
BFGS,10,-60,4.202631761771645e-06,-1821136.8910565497,-3.1415915553573504,43,8.405264126581163e-06,True,-1821135.8910523471,6.622650821555943e-19,6.030378519499081e-13
BFGS,10,-50,2.4949094156341816e-06,-7516711.867729224,-3.1415923875097986,50,4.989818866665989e-06,True,-7516710.867726729,9.418379709427422e-21,3.539762562289619e-14
BFGS,10,-40,-1.935368434088857e-06,-130727281.33249505,-3.1415926382870225,63,3.8707368680606835e-06,True,-130727280.33249699,1.790446291585919e-24,1.1703008848305069e-16
BFGS,10,-30,-2.927347091431003e-06,-1104719.682970948,-3.1415908431680255,45,5.854692544064261e-06,True,-1104718.6829738754,2.966901483433821e-18,1.6387979748145155e-12
BFGS,10,-20,-3.2725501641328095e-06,-16566234.280045962,-3.1415925328515906,60,6.545100320978055e-06,True,-16566233.280049235,8.798093142542038e-22,7.287563830804477e-15
BFGS,10,-10,-1.996743588570525e-06,-171264.98508895552,-3.1415809758096387,40,3.993418992495046e-06,True,-171263.98509095228,7.962518319684446e-16,6.818522811495103e-11
BFGS,10,0,8.205410183203525e-08,-525.7672164268843,-3.1377922765592756,25,1.0329412722206131e-05,True,-524.7672163448301,2.7444737056127167e-08,7.221482761716302e-06
BFGS,10,10,-6.64814139494114e-06,-557.7553940377,-3.1380100418991743,26,9.407543437762684e-06,True,-556.7554006858413,2.2992024686072004e-08,6.4175925724198945e-06
BFGS,10,20,3.944138766345997e-06,-1480.5480287070245,-3.140242257291236,26,8.847172944905459e-06,True,-1479.5480247628857,1.2312743843081836e-09,9.117858572803054e-07
BFGS,10,30,-4.574898742292645e-06,-565.3599363586022,-3.1380581888946293,20,6.8881258871349406e-06,True,-564.359940933501,2.2077441324880504e-08,6.246257655356631e-06
BFGS,10,40,-1.5952271000025784e-06,-450.2487196146602,-3.1371555497794463,19,1.188171958464348e-05,True,-449.2487212098873,4.367984239259501e-08,9.844037962391629e-06
BFGS,10,50,9.050669440891803e-11,-567.9732839887217,-3.1380744374865808,20,8.752637723655344e-06,True,-566.9732839886312,2.177435342310564e-08,6.188958980309701e-06
BFGS,10,60,1.719295325641595e-06,-24054.59212944278,-3.141509511107232,31,3.442048722593765e-06,True,-24053.592127723485,2.873683447041153e-13,3.456335968878954e-09
BFGS,10,70,-1.7010669659950621e-06,-9259.417449041863,-3.1413766689352713,27,3.3788897534328007e-06,True,-9258.417450742929,5.0377742737048855e-12,2.3324685390874286e-08
BFGS,10,80,2.8101546026484004e-06,-8050.97319614893,-3.14134425182844,27,5.651245136440214e-06,True,-8049.973193338775,7.663620922020455e-12,3.085171647227269e-08
BFGS,10,90,4.294097599932507e-06,-4208.266738797278,-3.141117454934183,24,8.701834602478508e-06,True,-4207.2667345031805,5.365320930046071e-11,1.1290688460118072e-07
BFGS,10,100,3.509013507756191e-06,-4581.477424020203,-3.141156160771201,24,7.113927873728129e-06,True,-4580.47742051119,4.1581619031109446e-11,9.526299366369944e-08
BFGS,20,-100,4.556806769161844e-06,-15738982.484257597,-3.1415925264960154,51,9.113613546397464e-06,True,-15738981.484253041,1.0259589721132326e-21,8.073775402315767e-15
BFGS,20,-90,1.960333978743161e-06,-6836024.339587219,-3.1415923610182603,51,3.920668000284249e-06,True,-6836023.339585259,1.2521290600074423e-20,4.279792678288182e-14
BFGS,20,-80,2.9240879569920124e-06,-4706862.490140169,-3.141592228669788,49,5.848176004258897e-06,True,-4706861.490137245,3.835882724338166e-20,9.027487214844725e-14
BFGS,20,-70,1.5848853269176884e-06,-37054843.84129551,-3.141592599613232,56,3.1697706552919757e-06,True,-37054842.84129392,7.861854673452994e-23,1.456599005793368e-15
BFGS,20,-60,1.4530846966078945e-06,-42679992.32828482,-3.141592606727318,59,2.906169394313736e-06,True,-42679991.32828337,5.1450189419043764e-23,1.0979468577093008e-15
BFGS,20,-50,1.7416315597439916e-06,-728149.9271116264,-3.141589906901562,44,3.4832668916298135e-06,True,-728148.9271098847,1.0360880521030079e-17,3.77213978827036e-12
BFGS,20,-40,1.668935535161707e-07,-25175720.85088765,-3.1415925741481487,59,3.337871101878266e-07,True,-25175719.85088748,2.5067684615497924e-22,3.155485213958495e-15
BFGS,20,-30,4.204046392678032e-06,-5969453.209984442,-3.1415923185330863,56,8.40809284148164e-06,True,-5969452.209980238,1.8804259024732005e-20,5.612557689929887e-14
BFGS,20,-20,4.7780697575742565e-06,-3149260.672905747,-3.141592018497374,58,9.556139716805206e-06,True,-3149259.6729009687,1.2806603239408232e-19,2.0165669169296366e-13
BFGS,20,-10,-2.3832570627017532e-07,-5633.9237528748545,-3.141237692690737,31,4.184225810047209e-07,True,-5632.92375311318,2.2362050808894766e-11,6.299862371260746e-08
BFGS,20,0,-7.374174530176313e-06,-610.2753680064128,-3.1383181104605327,25,1.081017463981246e-05,True,-609.2753753805873,1.7556131346952564e-08,5.3613437200680235e-06
BFGS,20,10,-8.368289541066753e-07,-548.6265083882329,-3.1379504824701594,24,8.281660847324651e-06,True,-547.6265092250618,2.415790807225368e-08,6.632747388369165e-06
BFGS,20,20,-1.1722890870689753e-06,-16570.203475765848,-3.1414719586513122,36,2.3373058890122732e-06,True,-16569.203476938135,8.790977564805211e-13,7.283633972417592e-09
BFGS,20,30,-9.445345685231327e-07,-1354.1660959250166,-3.14011627347317,24,1.3514896978621022e-06,True,-1353.1660968695512,1.6090366160155902e-09,1.0898502613388697e-06
BFGS,20,40,3.002472823673463e-06,-11632.496225669227,-3.141420728825535,33,6.019742850340608e-06,True,-11631.496222666754,2.540886507156544e-12,1.47790609420292e-08
BFGS,20,50,2.5512679356017617e-06,-4088.8805149036016,-3.141103581895486,26,5.223500732915617e-06,True,-4087.8805123523334,5.849082146799731e-11,1.1959557160996421e-07
BFGS,20,60,2.639449206244172e-06,-13281.601992181266,-3.141442075005482,30,5.290247514099688e-06,True,-13280.601989541816,1.7071024569983867e-12,1.133695410071125e-08
BFGS,20,70,-1.429189914609266e-06,-220344.76700495143,-3.1415835769235354,40,2.858338636598716e-06,True,-220343.76700638063,3.7389427243980337e-16,4.119291664157398e-11
BFGS,20,80,1.0841003674378674e-06,-2504.6897211284213,-3.1407943106149134,24,2.507211487097308e-06,True,-2503.689720044321,2.5441278045566545e-10,3.186758491545828e-07
BFGS,20,90,7.614306942430415e-07,-151688.98837274202,-3.1415794687599834,36,1.5229483108274086e-06,True,-151687.98837198058,1.1460235231012451e-15,8.691986091902045e-11
BFGS,20,100,1.9962954527267651e-07,-74578.63261923882,-3.141565836436879,34,3.9961883216589593e-07,True,-74577.6326190392,9.642907661005688e-15,3.5957984426991534e-10
BFGS,30,-100,5.994148427133601e-07,-66596983.77480742,-3.141592623558044,64,1.1988296858776624e-06,True,-66596982.77480683,1.3542420701419993e-23,4.509421892476422e-16
BFGS,30,-90,-1.7207254639925397e-06,-16234645.892256647,-3.141592530393512,61,3.4414509203967823e-06,True,-16234644.892258368,9.348275229843455e-22,7.588297136700652e-15
BFGS,30,-80,1.0640941507518195e-06,-51093288.68095702,-3.141592614444577,65,2.1281883022697685e-06,True,-51093287.680955954,2.9989443454203754e-23,7.661296533907779e-16
BFGS,30,-70,-4.977307445346339e-06,-102347.59932688299,-3.1415731124107293,45,9.95442396416817e-06,True,-102346.5993318603,3.730960455257887e-15,1.9092835553418424e-10
BFGS,30,-60,9.590733634929866e-07,-42450478.51161527,-3.1415926064751534,69,1.9181467280958244e-06,True,-42450477.51161431,5.2289225088447685e-23,1.1098513260753589e-15
BFGS,30,-50,-3.442332318487414e-07,-108531862.89803234,-3.141592635161907,72,6.884664635276914e-07,True,-108531861.89803268,3.128874996385932e-24,1.6979131684863893e-16
BFGS,30,-40,1.404701080276795e-07,-28858489.34408912,-3.141592584286078,63,2.8094021845686016e-07,True,-28858488.34408898,1.6643290313364576e-22,2.4015011224022636e-15
BFGS,30,-30,-9.861113886342583e-07,-23173321.60793449,-3.1415925672826797,59,1.9722227735441414e-06,True,-23173320.607935477,3.2143643022974113e-22,3.72437496746932e-15
BFGS,30,-20,-3.9367250885690455e-06,-5491118.454463087,-3.1415922893498056,56,7.873450110808352e-06,True,-5491117.454467024,2.4158915536216196e-20,6.632973951012965e-14
BFGS,30,-10,1.427425759329578e-06,-9143789.947860077,-3.1415924348600837,59,2.8548515425800534e-06,True,-9143788.94785865,5.2321621838407585e-21,2.3920897299123544e-14
BFGS,30,0,6.388482577418964e-15,-552.6248058213855,-3.137976810459331,24,9.244999348215637e-06,True,-551.6248058213855,2.3637792104260825e-08,6.537201724800006e-06
BFGS,30,10,-7.367508791826838e-06,-498.30337391329084,-3.1375830267325044,27,1.0462367798530943e-05,True,-497.3033812807996,3.22323446400376e-08,8.038615473527185e-06
BFGS,30,20,1.1916422635707734e-06,-2380.376689455301,-3.140752626599112,33,2.75876189186613e-06,True,-2379.3766882636587,2.963808669889168e-10,3.5282279064000985e-07
BFGS,30,30,-1.0866408504298968e-06,-1366.4257453382036,-3.1401295148213433,29,1.5369140982389094e-06,True,-1365.4257464248444,1.5661303050134618e-09,1.0703886241285391e-06
BFGS,30,40,-4.871451628887298e-06,-746.1470925870362,-3.138914002724225,27,7.12451014392844e-06,True,-745.1470974584879,9.609987143282572e-09,3.5875975005374627e-06
BFGS,30,50,2.4805703114973295e-06,-8999.147573576536,-3.1413704226538695,34,4.98589506540118e-06,True,-8998.147571095966,5.487613868342996e-12,2.46932936576166e-08
BFGS,30,60,-1.4546302417330049e-06,-789.6512200685036,-3.139061484761568,24,3.216894940729592e-06,True,-788.6512215231338,8.108440669138289e-09,3.2034176472462086e-06
BFGS,30,70,-4.486031510502387e-07,-40633.89991172852,-3.1415434342088053,39,8.959958471218116e-07,True,-40632.89991217713,5.961814279336737e-14,1.2112737239253311e-09
BFGS,30,80,-4.570987416150719e-06,-11261.743191269266,-3.141415069050838,33,9.126220323502046e-06,True,-11260.743195840254,2.8001759874000432e-12,1.576813076580316e-08
BFGS,30,90,4.486977661530653e-06,-74081.39902524915,-3.1415656564215424,40,8.974319753463796e-06,True,-74080.39902076217,9.838381806315447e-15,3.6442300336977044e-10
BFGS,30,100,-2.7602416648372444e-06,-1551.5528071099836,-3.140304036610752,27,4.763136421752898e-06,True,-1550.5528098702252,1.0698985069489033e-09,8.302675101369748e-07
BFGS,40,-100,4.043448807713343e-07,-65171232.35366266,-3.1415926229012427,69,8.086897620135572e-07,True,-65171231.35366226,1.4450809678162566e-23,4.708885412297437e-16
BFGS,40,-90,9.437710196576594e-08,-5256502.0698360745,-3.141592273108661,62,1.8875427631448819e-07,True,-5256501.06983598,2.754034320669842e-20,7.23829424200725e-14
BFGS,40,-80,-2.385318295048926e-06,-1427376.773097287,-3.1415912524128524,57,4.770635608457515e-06,True,-1427375.7730996723,1.3754463608337949e-18,9.816404379081346e-13
BFGS,40,-70,-2.976906835470441e-06,-15100510.349802908,-3.1415925211350815,66,5.95381366216993e-06,True,-15100509.349805884,1.1616761476164034e-21,8.770951635520882e-15
BFGS,40,-60,1.4607478235798379e-06,-3565172.895189425,-3.141592092605127,56,2.921495804510381e-06,True,-3565171.895187964,8.8270994668705e-20,1.573507008797517e-13
BFGS,40,-50,-2.267114244875059e-06,-9876502.698713144,-3.1415924510838327,57,4.534228469246827e-06,True,-9876501.698715411,4.151933272361187e-21,2.0503291122662896e-14
BFGS,40,-40,2.170002138347714e-06,-2422777.8100950406,-3.1415918280865265,48,4.340004617419376e-06,True,-2422776.8100928706,2.812671161503536e-19,3.407239341753906e-13
BFGS,40,-30,1.4707566201714244e-06,-27037882.651812628,-3.1415925796173423,60,2.9415132430786504e-06,True,-27037881.651811156,2.02368042502105e-22,2.7358017434163125e-15
BFGS,40,-20,3.908632715713129e-06,-10920675.337072892,-3.141592470435667,63,7.817265448196178e-06,True,-10920674.337068984,3.0712236503833654e-21,1.6769918954487405e-14
BFGS,40,-10,1.0615458591268427e-06,-1873921.0527750796,-3.14159158630813,52,2.1230922877976333e-06,True,-1873920.0527740181,6.078630888669561e-19,5.69543871680856e-13
BFGS,40,0,1.545483186549514e-14,-547.8839114500188,-3.13794555033743,24,9.40554333022907e-06,True,-546.8839114500188,2.4256184320061472e-08,6.650723454094046e-06
BFGS,40,10,-1.919613240860449e-07,-484.4315875044255,-3.1374683268768266,26,1.1759694090241024e-05,True,-483.4315876963868,3.5078402445955714e-08,8.505104736663502e-06
BFGS,40,20,-3.080011644118935e-06,-1023.573287190056,-3.139639664791094,29,4.660949706134342e-06,True,-1022.5732902700677,3.7245313692283425e-09,1.9070860907914092e-06
BFGS,40,30,-4.076216657233637e-06,-6050.990131811385,-3.141262156446062,36,8.098003301391988e-06,True,-6049.990135887602,1.804983094181997e-11,5.4614178374146694e-08
BFGS,40,40,-3.969230087202812e-06,-2232.4495022230312,-3.140696976908147,31,7.5480073913968584e-06,True,-2231.449506192261,3.5927275611515787e-10,4.011184991026365e-07
BFGS,40,50,-3.5569567272893526e-06,-2779.989991245291,-3.140873355719724,32,6.860098120589296e-06,True,-2778.989994802248,1.8607868459433365e-10,2.586947679769311e-07
BFGS,40,60,-2.022010297358088e-07,-4098.336043863331,-3.14110471013296,33,3.091933952096107e-07,True,-4097.3360440655315,5.808696008232004e-11,1.1904442209455274e-07
BFGS,40,70,2.505028134751843e-06,-56067.554196845515,-3.1415569826470113,44,5.010692517749375e-06,True,-56066.55419434049,2.269413006480218e-14,6.362078560196841e-10
BFGS,40,80,-1.313180626691385e-06,-6055.7855832446385,-3.141262418153067,32,2.5724115096469535e-06,True,-6054.785584557819,1.8006988574641458e-11,5.452772411479257e-08
BFGS,40,90,-1.2698262222479712e-06,-6779.547691208107,-3.141297670400141,34,2.496524039213771e-06,True,-6778.547692477933,1.2833994639149258e-11,4.350754242711479e-08
BFGS,40,100,-1.2580196093948494e-07,-267951.4297725814,-3.1415851895644136,48,2.5157606758382784e-07,True,-267950.42977270717,2.0791667625574743e-16,2.7855837315096514e-11
BFGS,50,-100,6.038443938447769e-07,-66578549.51883902,-3.1415926235497236,65,1.2076887881407458e-06,True,-66578548.51883841,1.3553672684714492e-23,4.511919373891133e-16
BFGS,50,-90,-2.115696820006538e-06,-16233347.038822008,-3.1415925303821397,62,4.231393632423564e-06,True,-16233346.038824124,9.350519316139041e-22,7.589511486368492e-15
BFGS,50,-80,1.3685414552492342e-06,-50991806.03100718,-3.141592614365933,66,2.7370829112676505e-06,True,-50991805.03100581,3.0168852814330476e-23,7.691821529853632e-16
BFGS,50,-70,-3.2002461193692255e-06,-3683592.698703402,-3.141592110631432,59,6.400492091342123e-06,True,-3683591.698706602,8.002856029307924e-20,1.473963301988715e-13
BFGS,50,-60,-8.630277111163284e-07,-3536666.2286780165,-3.1415920880848174,61,1.7260552623351464e-06,True,-3536665.2286788793,9.042272292725811e-20,1.598975178466178e-13
BFGS,50,-50,-4.4053224862577085e-06,-8593807.719647426,-3.141592420844691,64,8.810644945434793e-06,True,-8593806.719651831,6.302357259693311e-21,2.7080624810765273e-14
BFGS,50,-40,6.604943202077429e-07,-187918.5184402794,-3.141582010707031,48,1.3210452771016234e-06,True,-187917.51843961893,6.027646651975476e-16,5.663547210778256e-11
BFGS,50,-30,2.6859012014253804e-06,-4349352.176508307,-3.1415921937440356,51,5.371802508576504e-06,True,-4349351.1765056215,4.8616771696830454e-20,1.0572574305130401e-13
BFGS,50,-20,2.789263633255512e-06,-12887929.950354911,-3.1415924983980594,62,5.578527278552054e-06,True,-12887928.950352123,1.8685745956992406e-21,1.2041029715332906e-14
BFGS,50,-10,-3.991217964197753e-06,-2965143.3339784592,-3.1415919790703275,57,7.982435700918e-06,True,-2965142.3339824504,1.5343438470431549e-19,2.274775098632974e-13
BFGS,50,0,-3.233678549810579e-14,-556.1438019939937,-3.137999669415108,25,9.128476357619852e-06,True,-555.1438019939937,2.31923083494677e-08,6.454807566710857e-06
BFGS,50,10,-1.1671244643825252e-06,-510.78534441499085,-3.1376809149062694,27,9.316823559239575e-06,True,-509.7853455821153,2.992878323261178e-08,7.650905853482607e-06
BFGS,50,20,2.9366117991823773e-06,-11708.032601653518,-3.141421837980572,37,5.887830657739887e-06,True,-11707.032598716907,2.4920262887900828e-12,1.4588984907668513e-08
BFGS,50,30,-8.702377293506671e-07,-1659.7411835204673,-3.1403880084992104,30,1.2475880744486457e-06,True,-1658.741184390705,8.740741058414743e-10,7.255854007560851e-07
BFGS,50,40,8.817019800822481e-07,-23218.33584221201,-3.141506516625872,41,1.7671176424530549e-06,True,-23217.33584133031,3.195498937104458e-13,3.709788223021426e-09
BFGS,50,50,-4.169098862200148e-06,-702.0702643594208,-3.138745952173861,25,5.898326523946837e-06,True,-701.0702685285196,1.1534554024641622e-08,4.051870159448562e-06
BFGS,50,60,3.6930418155814e-06,-3287.5271763869514,-3.1409843859890794,30,7.573338173504089e-06,True,-3286.5271726939095,1.1252635712253904e-10,1.8499476154037354e-07
BFGS,50,70,-3.0946439746431077e-06,-3803.2536158196262,-3.1410668570998665,30,6.052635637347628e-06,True,-3802.25361891427,7.268138605679072e-11,1.3823098768570797e-07
BFGS,50,80,-2.6592707785724424e-06,-4902.706356921358,-3.141184757195587,31,5.236012719927182e-06,True,-4901.7063595806285,3.3932798967256637e-11,8.318973795078934e-08
BFGS,50,90,3.7173278729606525e-06,-2158.6826611870783,-3.1406663767668683,28,7.875343302558642e-06,True,-2157.6826574697507,3.973680202838e-10,4.2899453991168277e-07
BFGS,50,100,1.5426677798962936e-06,-4139.696100170497,-3.141109584627396,31,3.2041384830731713e-06,True,-4138.696098627829,5.636344727280444e-11,1.1667782311263447e-07
BFGS,60,-100,-1.0493430896962028e-06,-5086010.829512569,-3.141592260353233,57,2.0986861020753437e-06,True,-5086009.829513619,3.040381081600738e-20,7.731706313528394e-14
BFGS,60,-90,-2.2166180836567696e-06,-16450339.717443544,-3.141592532006847,61,4.43323615992293e-06,True,-16450338.717445761,8.98535703625096e-22,7.390609011077262e-15
BFGS,60,-80,4.587567803155393e-06,-1269113.6383381586,-3.1415910776663605,49,9.175136848045038e-06,True,-1269112.6383335711,1.956851837370805e-18,1.2417341667112241e-12
BFGS,60,-70,2.45224289214569e-06,-3962489.722791684,-3.1415921488506733,48,4.904485911669136e-06,True,-3962488.7227892317,6.429176971286442e-20,1.2737775444647442e-13
BFGS,60,-60,-2.6690754595277977e-06,-10747977.142224051,-3.141592467501151,54,5.33815090174243e-06,True,-10747976.14222672,3.22166017307002e-21,1.7313165755503558e-14
BFGS,60,-50,2.553850866410343e-06,-249099.69626626794,-3.141584624685542,49,5.107733964521755e-06,True,-249098.69626371408,2.587842150136105e-16,3.223159937193401e-11
BFGS,60,-40,-4.433413880663651e-06,-30945938.651524898,-3.141592588941303,58,8.86682775923886e-06,True,-30945937.65152933,1.3497364912570382e-22,2.088443166451938e-15
BFGS,60,-30,-2.7841288238496717e-06,-1112641.555371481,-3.141590856058759,44,5.568256032154602e-06,True,-1112640.5553742652,2.903979709168873e-18,1.6155449761799043e-12
BFGS,60,-20,7.55454565377432e-07,-39661477.90592091,-3.141592603162459,66,1.5109091320262933e-06,True,-39661476.905920155,6.411406232337107e-23,1.2714292491770958e-15
BFGS,60,-10,1.4020536532135497e-06,-7753512.146076407,-3.1415923956402247,59,2.8041073396955826e-06,True,-7753511.146075006,8.581525407287877e-21,3.3268482884007074e-14
BFGS,60,0,3.104860678049314e-14,-546.0599591561224,-3.137933379252719,23,9.468424716340557e-06,True,-545.0599591561224,2.4499841416797424e-08,6.695187293030114e-06
BFGS,60,10,-3.2375821157271318e-06,-1840.9875981263056,-3.1405065745153324,31,5.91485786115468e-06,True,-1839.9876013638877,6.405529959288686e-10,5.897841999572203e-07
BFGS,60,20,-4.850124984439515e-06,-1073.1879925127496,-3.1397299119410174,32,8.152091912691782e-06,True,-1072.1879973628745,3.231692490413753e-09,1.7349060656790729e-06
BFGS,60,30,9.06752166920839e-07,-594.3838856896248,-3.138230634742503,27,9.3631610178039e-06,True,-593.3838847828727,1.900104522064989e-08,5.651615970843741e-06
BFGS,60,40,-3.976584714222811e-06,-2261.214399451742,-3.1407083682962513,33,7.572289545882467e-06,True,-2260.2144034283265,3.457384465473143e-10,3.9098037269962285e-07
BFGS,60,50,1.7897950960381345e-06,-30372.919687637936,-3.1415268065392428,42,3.5817587649861967e-06,True,-30371.91968584814,1.4275092252511464e-13,2.167916826686543e-09
BFGS,60,60,4.798608113634905e-06,-4939.228551658982,-3.141187772987171,33,9.67952740915179e-06,True,-4938.228546860374,3.318569708520964e-11,8.196414830504403e-08
BFGS,60,70,2.9031846346592554e-06,-17515.30632783209,-3.1414784709981944,39,5.8128917557614095e-06,True,-17514.306324928908,7.443369938800389e-13,6.5188311904676975e-09
BFGS,60,80,-9.898044797109292e-07,-2162.6063201118914,-3.1406680569567627,31,1.6099485207741812e-06,True,-2161.606321101696,3.9520957633588065e-10,4.274396410913159e-07
BFGS,60,90,1.3981306960394427e-06,-1540.7571421531661,-3.1402950105399468,30,3.7343496259361348e-06,True,-1539.7571407550354,1.09253859709601e-09,8.419394191928768e-07
BFGS,60,100,-1.5603560385288292e-06,-1541.7409360341753,-3.1402958383084343,29,2.429970140425218e-06,True,-1540.7409375945313,1.090449129826356e-09,8.408656114169078e-07
BFGS,70,-100,-1.985127987409989e-06,-18017149.13359075,-3.1415925425805025,59,3.970255968658884e-06,True,-18017148.133592736,6.839143796834896e-22,6.161093857661485e-15
BFGS,70,-90,2.2465781860861992e-06,-1636274.4940640533,-3.141591431296312,48,4.493157119166968e-06,True,-1636273.4940618067,9.130427472100827e-19,7.469945078830726e-13
BFGS,70,-80,-4.136476653467055e-06,-12375810.467110196,-3.1415924919671117,50,8.27295329387593e-06,True,-12375809.467114333,2.1102746884009382e-21,1.3058180316167565e-14
BFGS,70,-70,-1.766301332739634e-06,-3935616.1165424907,-3.141592145407093,53,3.5326025363560276e-06,True,-3935615.116544257,6.561779535149498e-20,1.2912324286312411e-13
BFGS,70,-60,-2.040579888287048e-07,-954034.3690414035,-3.1415905572303156,50,4.081137803018826e-07,True,-954033.3690416076,4.6064593943275325e-18,2.1973614424924933e-12
BFGS,70,-50,4.994401991614556e-06,-207397.86179270555,-3.1415830102871354,38,9.988850479739864e-06,True,-207396.86178771115,4.483777223643461e-16,4.649640253401976e-11
BFGS,70,-40,3.594922612769738e-06,-8121100.932941574,-3.1415924073048562,52,7.189845255864429e-06,True,-8121099.932937979,7.468187046969131e-21,3.032495226429228e-14
BFGS,70,-30,-4.424166927272966e-06,-6289348.406558469,-3.1415923355722795,56,8.848333803984586e-06,True,-6289347.406562893,1.6078403619834388e-20,5.0561345112833784e-14
BFGS,70,-20,3.639848689406665e-07,-11049261.973429069,-3.1415924725821043,56,7.279697542632009e-07,True,-11049260.973428706,2.9652418468321464e-21,1.638186773142066e-14
BFGS,70,-10,1.4612551914309666e-06,-648018.4476345085,-3.14158956725815,50,2.9225151455807306e-06,True,-648017.4476330472,1.4699307587673377e-17,4.76271491688407e-12
BFGS,70,0,3.09741796894838e-14,-546.3169992626572,-3.137935099375407,23,9.459525067304225e-06,True,-545.3169992626572,2.4465307138662162e-08,6.68889429092077e-06
BFGS,70,10,-7.255422489404458e-06,-571.5209196652388,-3.138096257476849,27,1.0387260537706617e-05,True,-570.5209269206613,2.137172132371131e-08,6.112428508955477e-06
BFGS,70,20,-5.206768642893248e-06,-1048.9925206657806,-3.139686967308607,32,8.787371692871984e-06,True,-1047.9925258725493,3.4604013728921223e-09,1.8158232092822156e-06
BFGS,70,30,2.5896037734516437e-08,-8849.11335681713,-3.1413666550101578,36,8.143748585997122e-08,True,-8848.113356791235,5.77147960453001e-12,2.5537679623351124e-08
BFGS,70,40,-3.995085122226345e-06,-2251.3303696125,-3.1407044868720186,33,7.605983573190584e-06,True,-2250.330373607585,3.5031114782731604e-10,3.9442019419038333e-07
BFGS,70,50,3.400544403823462e-06,-11314.390272581695,-3.1414158953435174,38,6.8167284446580656e-06,True,-11313.39026918115,2.7612707384889607e-12,1.5621737003140584e-08
BFGS,70,60,1.7919339541658193e-06,-42147.25579155634,-3.141545201475202,44,3.5849939365543975e-06,True,-42146.2557897644,5.3424027969140356e-14,1.1258514384302536e-09
BFGS,70,70,-2.9582948009903152e-06,-3912.514784902618,-3.141081538658461,33,5.787444541475064e-06,True,-3911.5147878609127,6.676146374367671e-11,1.306192483926655e-07
BFGS,70,80,1.0687440842669635e-06,-5852.522843378995,-3.141250949794598,35,2.196644849643483e-06,True,-5851.522842310251,1.9948924196325417e-11,5.8380744701411926e-08
BFGS,70,90,-8.051841434011719e-07,-74950.42217028857,-3.141565969461148,45,1.6100123048221761e-06,True,-74949.42217109376,9.500119108465955e-15,3.560213435929665e-10
BFGS,70,100,1.367025534686679e-06,-81421.02794058036,-3.141568090059688,45,2.734352769475649e-06,True,-81420.02793921334,7.410410187390881e-15,3.016834597951767e-10
BFGS,80,-100,4.394126285628763e-07,-65497870.02217615,-3.141592623054256,69,8.788252575919563e-07,True,-65497869.02217571,1.423568764328696e-23,4.662036130270724e-16
BFGS,80,-90,1.9117162164183693e-07,-5257902.19996722,-3.1415922732099526,62,3.8234331562807845e-07,True,-5257901.1999670295,2.7518347860300126e-20,7.234439775663694e-14
BFGS,80,-80,-1.7694116597324213e-06,-16267095.209280927,-3.1415925306390857,66,3.5388233119067893e-06,True,-16267094.209282696,9.29244342432283e-22,7.55805332782754e-15
BFGS,80,-70,-1.8447140967869019e-06,-13729891.99499169,-3.141592507918826,61,3.689428182964284e-06,True,-13729890.994993534,1.5454628900064008e-21,1.0609519667394626e-14
BFGS,80,-60,-4.017022127487409e-06,-22866.89573865911,-3.1415051928050657,27,8.03022047276618e-06,True,-22865.895742676134,3.345105949435047e-13,3.824693035289285e-09
BFGS,80,-50,9.076410331534185e-08,-35119793.67746944,-3.141592596641843,64,1.8152820825221774e-07,True,-35119792.67746935,9.234302671539876e-23,1.6215340459846714e-15
BFGS,80,-40,-8.447231258835617e-07,-39090.62304391219,-3.141541491078342,30,1.6881379578652026e-06,True,-39089.62304475691,6.696155838436583e-14,1.3088012541111973e-09
BFGS,80,-30,-3.5540361567784043e-06,-5098605.243497661,-3.1415922613130607,60,7.1080722366212456e-06,True,-5098604.243501215,3.017905932162241e-20,7.693556259532695e-14
BFGS,80,-20,-2.6723870186301876e-06,-1017540.2363062571,-3.1415906880593765,54,5.344772105619853e-06,True,-1017539.2363089295,3.796685090746507e-18,1.931640871374941e-12
BFGS,80,-10,3.036370015666452e-06,-2402234.525653956,-3.1415918210225686,57,6.072740377909329e-06,True,-2402233.5256509194,2.885449691412304e-19,3.465764156728684e-13
BFGS,80,0,-1.0003759803769562e-14,-554.9863745987486,-3.13799218287698,24,9.166557442413357e-06,True,-553.9863745987486,2.3337586724507227e-08,6.481734937670261e-06
BFGS,80,10,1.6373534205628142e-07,-95971.82793383561,-3.141571814249475,45,3.2768789510700936e-07,True,-95970.82793367187,4.525034596050147e-15,2.171390519461131e-10
BFGS,80,20,2.346234072930019e-06,-5110.4755137076445,-3.1412013388260194,33,4.769646320883927e-06,True,-5109.47551136141,2.9960481055052966e-11,7.656362563728044e-08
BFGS,80,30,2.1222171639857053e-06,-1741.3218041474686,-3.1404444297766556,29,4.947754900203394e-06,True,-1740.3218020252514,7.569208542297054e-10,6.592093738052578e-07
BFGS,80,40,-4.218216382529827e-06,-744.321192615693,-3.1389074360749434,27,6.028122021196195e-06,True,-743.3211968339094,9.680837069317127e-09,3.605208958943269e-06
BFGS,80,50,-4.967309071620158e-06,-6806.906335991963,-3.1412988559008475,33,9.891553762162218e-06,True,-6805.906340959272,1.267987798706639e-11,4.3158535550728815e-08
BFGS,80,60,-4.496796791117297e-06,-1142.9198668465338,-3.139843512259251,26,7.618995814267581e-06,True,-1141.9198713433304,2.675756597411547e-09,1.5297499043440806e-06
BFGS,80,70,-1.2633027537558638e-06,-180936.3216278026,-3.141581600006167,45,2.5265444174124533e-06,True,-180935.3216290659,6.752725875341466e-16,6.109083785010208e-11
BFGS,80,80,-7.885299994504617e-08,-6818.942146861331,-3.1412993744564894,33,1.2249718018693192e-07,True,-6817.942146940184,1.26128592859035e-11,4.300632678641985e-08
BFGS,80,90,-4.002174162167021e-06,-12442.310173133814,-3.1414319181774877,33,7.991440831105128e-06,True,-12441.310177135989,2.076369287278981e-12,1.2917933969863857e-08
BFGS,80,100,3.6696468107884773e-06,-25281.834740818726,-3.1415135469579396,37,7.34242321680956e-06,True,-25280.834737149078,2.475189579137748e-13,3.1289285457363776e-09
BFGS,90,-100,2.3912144425199153e-06,-18061677.597352028,-3.141592542852393,65,4.782428891170583e-06,True,-18061676.597349636,6.788685629377081e-22,6.130752727095504e-15
BFGS,90,-90,-4.219919670373261e-06,-16624214.969715482,-3.1415925332655568,62,8.439839333509702e-06,True,-16624213.969719702,8.706357850547356e-22,7.236818443199097e-15
BFGS,90,-80,-2.5472897277051023e-06,-15291231.989625959,-3.1415925227894004,59,5.094579446856682e-06,True,-15291230.989628507,1.1187486314686392e-21,8.553522710620134e-15
BFGS,90,-70,1.4503900452838262e-06,-285827.5913504817,-3.1415856563748172,36,2.900804571164941e-06,True,-285826.5913490313,1.71295227678726e-16,2.4480493990581036e-11
BFGS,90,-60,4.286930134816105e-06,-41152421.57017579,-3.1415926049716028,60,8.57386027081318e-06,True,-41152420.570171505,5.739496399995101e-23,1.1809708916141374e-15
BFGS,90,-50,9.49434348112443e-07,-915808.086627251,-3.141590469726424,50,1.8988710808540225e-06,True,-915807.0866263015,5.207698800678961e-18,2.384627639096294e-12
BFGS,90,-40,-2.4496602246512592e-06,-7140274.280847433,-3.1415923734825273,60,4.899320410074159e-06,True,-7140273.280849882,1.0987913095127525e-20,3.9228359383650194e-14
BFGS,90,-30,-2.01822702775889e-06,-20827413.09832523,-3.1415925575584343,61,4.036454050907161e-06,True,-20827412.09832725,4.427453073937039e-22,4.610619817903543e-15
BFGS,90,-20,4.805832766989067e-06,-13830325.498810636,-3.141592508956946,60,9.611665544434124e-06,True,-13830324.49880583,1.5120381188654818e-21,1.0455990053265052e-14
BFGS,90,-10,-3.248858917432397e-06,-2060444.9708197198,-3.141591682915356,55,6.497717363770625e-06,True,-2060443.9708229688,4.572741117240554e-19,4.71094186212575e-13
BFGS,90,0,2.154436009341133e-14,-545.2705005929843,-3.1379280860340346,24,9.495837249309426e-06,True,-544.2705005929843,2.4606315289914926e-08,6.714570890486148e-06
BFGS,90,10,-2.093106315093246e-06,-662.6153711161103,-3.1385765740335874,28,4.562784457774431e-06,True,-661.6153732092166,1.3718418895587574e-08,4.5483877567554284e-06
BFGS,90,20,-5.355740839005287e-07,-498.04663900087485,-3.137580961875473,27,1.0649583596611298e-05,True,-497.04663953644894,3.228216890264157e-08,8.046897255703239e-06
BFGS,90,30,1.9455034184077724e-06,-1239.0786901725025,-3.139979200149164,31,5.3532753692176485e-06,True,-1238.078688226999,2.1001046617122158e-09,1.3016176200353354e-06
BFGS,90,40,-2.509961313725345e-06,-2301.68203383539,-3.1407239122365063,31,4.657877552092482e-06,True,-2300.682036345351,3.2782491035125187e-10,3.7735590044663215e-07
BFGS,90,50,1.808540755075448e-06,-2184.630365836937,-3.1406773760196773,31,4.057625794978729e-06,True,-2183.6303640283963,3.8337958378530914e-10,4.18866680323273e-07
BFGS,90,60,4.7932600354207605e-06,-2468.1802371456974,-3.140782503834672,32,9.92012113724737e-06,True,-2467.1802323524375,2.65868136977129e-10,3.281713974570811e-07
BFGS,90,70,-3.85346561023804e-06,-905.1997698442252,-3.1393844111405125,28,5.805557737369852e-06,True,-904.1997736976908,5.384102288842864e-09,2.438173021519987e-06
BFGS,90,80,2.425981863621364e-06,-19744.32539753126,-3.141491361221488,39,4.857096507804853e-06,True,-19743.325395105276,5.196370533038328e-13,5.130071367492406e-09
BFGS,90,90,-1.6357284926127308e-06,-1689.010707892963,-3.140408878111973,29,2.6645659369367536e-06,True,-1688.0107095286915,8.294283850460184e-10,7.006626582477364e-07
BFGS,90,100,2.177419254875181e-06,-4398.289480552391,-3.1411379829971677,32,4.459399254383036e-06,True,-4397.289478374972,4.699598069257788e-11,1.0336268198217703e-07
BFGS,100,-100,-3.809377372794543e-06,-5491825.522285686,-3.1415922893976855,56,7.618754679276425e-06,True,-5491824.522289495,2.414958541949275e-20,6.631266081712398e-14
BFGS,100,-90,-2.8182549477697157e-06,-5202197.03094823,-3.1415922691289366,53,5.636509821637411e-06,True,-5202196.030951048,2.841184753309894e-20,7.390202154320677e-14
BFGS,100,-80,2.7240195981241384e-06,-57770133.4380193,-3.141592618962408,56,5.448039196847548e-06,True,-57770132.43801657,2.0746740174320676e-23,5.992709793238663e-16
BFGS,100,-70,1.9318441334127657e-08,-36216698.504778,-3.1415925983666484,57,3.863688419305319e-08,True,-36216697.504777975,8.420413137548234e-23,1.5247978404923058e-15
BFGS,100,-60,1.8953210723600725e-06,-11334383.612483956,-3.1415924771319728,64,3.790642160288192e-06,True,-11334382.61248206,2.7470477724392997e-21,1.5568047314081916e-14
BFGS,100,-50,-1.291075427178177e-06,-9400331.267203674,-3.1415924408296783,59,2.582150831723275e-06,True,-9400330.267204965,4.815378694139694e-21,2.263307865482019e-14
BFGS,100,-40,-7.994740533209344e-08,-5928173.453034528,-3.1415923162177704,52,1.5989475375425827e-07,True,-5928172.453034608,1.919982077779554e-20,5.690993871892079e-14
BFGS,100,-30,1.6258254497990545e-06,-6269260.471794797,-3.141592334570282,58,3.2516509504839907e-06,True,-6269259.471793171,1.6233454395506613e-20,5.088588103955952e-14
BFGS,100,-20,-1.594469729698174e-06,-14067532.55315203,-3.1415925114159124,59,3.1889394492900033e-06,True,-14067531.553153625,1.436832552129496e-21,1.010634470946409e-14
BFGS,100,-10,-4.828632188519689e-06,-22496852.490461607,-3.1415925646651544,61,9.657264373087655e-06,True,-22496851.490466435,3.513133717158981e-22,3.951722638538779e-15
BFGS,100,0,3.096937277750813e-14,-545.4431748668164,-3.1379292451009677,24,9.489831292810066e-06,True,-544.4431748668164,2.4582974162102916e-08,6.710324028492926e-06
BFGS,100,10,1.1525301027382541e-06,-8039.36521369689,-3.1413438931918125,37,2.336205974317391e-06,True,-8038.3652125443605,7.696863149599543e-12,3.094086838874558e-08
BFGS,100,20,-5.20825357759815e-06,-1078.0655311944179,-3.139738335741717,33,8.865556996998403e-06,True,-1077.0655364026713,3.188046647260956e-09,1.7192501231788616e-06
BFGS,100,30,2.1842394165163073e-07,-2492.0774969083077,-3.1407902710681803,34,8.242192150587034e-07,True,-2491.077496689884,2.5829427820348767e-10,3.219089547644191e-07
BFGS,100,40,-3.975327412376106e-06,-2252.9564985752268,-3.1407051277874407,34,7.567060219814076e-06,True,-2251.956502550554,3.495533240332634e-10,3.9385115954998693e-07
BFGS,100,50,-4.011266193552597e-06,-7224.786360924268,-3.141315847925814,35,7.984313614882382e-06,True,-7223.786364935534,1.060461469423109e-11,3.8310684758150144e-08
BFGS,100,60,1.923868086632132e-06,-11087.224228914782,-3.1414122739166266,37,3.864038832960539e-06,True,-11086.224226990913,2.9344910208069465e-12,1.626841283174319e-08
BFGS,100,70,-9.406833621107688e-07,-8164.1840486254805,-3.141347696154504,37,1.8516077326089151e-06,True,-8163.184049566164,7.349231299906792e-12,3.0002073197603456e-08
BFGS,100,80,-1.5946065843451228e-06,-68443.38670658319,-3.141563432569903,45,3.1887862633429083e-06,True,-68442.3867081778,1.2475443714220113e-14,4.269339275811315e-10
BFGS,100,90,3.462026009685181e-06,-1535.378510053928,-3.1402904661870394,31,7.818008285050616e-06,True,-1534.3785065919021,1.104057062137515e-09,8.478466892263939e-07
BFGS,100,100,-5.289126802309444e-06,-1472.3328182351502,-3.140234724993694,30,9.700183787335987e-06,True,-1471.332823524277,1.2519930868965352e-09,9.219858126985254e-07
